[
  {
    "name": "theme_info",
    "theme_name": "Swiper Gallery Theme",
    "theme_version": "1.0.0",
    "theme_author": "Developer",
    "theme_documentation_url": "",
    "theme_support_url": ""
  },
  {
    "name": "Colors",
    "settings": [
      {
        "type": "color",
        "id": "primary_color",
        "label": "Primary Color",
        "default": "#2c5aa0"
      },
      {
        "type": "color",
        "id": "secondary_color",
        "label": "Secondary Color",
        "default": "#1e4a8a"
      }
    ]
  },
  {
    "name": "Typography",
    "settings": [
      {
        "type": "font_picker",
        "id": "heading_font",
        "label": "Heading Font",
        "default": "helvetica_n4"
      },
      {
        "type": "font_picker",
        "id": "body_font",
        "label": "Body Font",
        "default": "helvetica_n4"
      }
    ]
  }
] 