{
  "current": {
    "primary_color": "#2c5aa0",
    "secondary_color": "#1e4a8a",
    "heading_font": "helvetica_n4",
    "body_font": "helvetica_n4",
    "sections": {
      "product-gallery": {
        "type": "product-gallery",
        "settings": {
          "slides_per_view_desktop": 1,
          "slides_per_view_tablet": 1,
          "slides_per_view_mobile": 1,
          "show_pagination": true,
          "show_navigation": true,
          "slide_gap": 20
        }
      }
    },
    "content_for_index": []
  }
} 